<?xml version="1.0" encoding="UTF-8"?>
<SETTINGS>
 <TEXT><![CDATA[<p><span style="font-size: 84pt; font-family: arial, helvetica, sans-serif;">BIENVENUE À</span><span style="font-size: 84pt; font-family: arial, helvetica, sans-serif;"> LA</span></p>
<p> </p>
<p> </p>
<p><span style="font-size: 84pt; font-family: arial, helvetica, sans-serif;">SALLE DU ROYAUME</span></p>
<p> </p>
<p> </p>
<p><span style="font-size: 84pt; font-family: arial, helvetica, sans-serif;">DES</span></p>
<p> </p>
<p> </p>
<p><span style="font-size: 84pt; font-family: arial, helvetica, sans-serif;">TÉMOINS DE JÉHOVAH.</span></p>]]></TEXT>
 <DATETIME>0</DATETIME>
</SETTINGS>
